1,Patricia Souza,85859258368
2,Samuel Pinto,57796521933
3,Sandra Almeida,68802492433
4,Livia Sales Ferreira,73592136087
5,Vanessa Souza,40096913064
6,Rodrigo Freitas Mendes,68301139748
7,Ricardo Castro,76096712440
8,Otavio Sales,66067973137
9,Helena Lima Carvalho,33692770660
10,Marcelo Barros Correia,83308428849
11,Vinicius Araujo,13416815918
12,Fernanda Correia,66104624701
13,Sara Almeida,16542356507
14,Alice Melo,75774906058
15,Miguel Pereira,67369461173
16,Camila Dias,95980405123
17,Felipe Lopes,69426085226
18,Tatiana Ribeiro,47508892794
19,Alice Campos,94733364202
20,Sandra Lima Jesus,21282956035
21,Rodrigo Fernandes,70761021607
22,Bernardo Rezende,76855223843
23,Murilo Fernandes,50730191735
24,Lorenzo Araujo,60732274163
25,Miguel Soares,31261010609
26,Thiago Sales Cardoso,83759246183
27,Marcelo Andrade Almeida,15651070853
28,Gabriel Machado Soares,45410694974
29,Patricia Souza Pereira,93460147452
30,Olivia Alves,86413702877
31,Heitor Jesus Silva,34282143644
32,Henrique Jesus Oliveira,72391746788
33,Fernanda Souza Vieira,33163960097
34,Beatriz Andrade,99712684857
35,Marcelo Barros,56765882846
36,Felipe Nunes,11489060982
37,Beatriz Costa,95719764878
38,Natalia Pereira,76898886643
39,Enzo Barros Ribeiro,74112909826
40,Joao Alves,75832217402
41,Helena Carvalho Rezende,83877606097
42,Laura Jesus,64398390282
43,Mariana Fernandes Nunes,19101263001
44,Thiago Correia Andrade,60387621683
45,Paulo Rocha,45346706575
46,Murilo Carvalho,52045337209
47,Eduardo Vieira,37609334187
48,Sofia Nunes Ribeiro,87771531489
49,Ricardo Freitas,82513170617
50,Carlos Rezende,22817311086
51,Enzo Carvalho,98142415224
52,Renata Almeida Fernandes,76277008481
53,Rafael Costa Castro,97222373459
54,Lorenzo Almeida,91553590279
55,Patricia Almeida Sales,56220449739
56,Laura Rezende Melo,58616056723
57,Paulo Campos,98163017723
58,Daniel Rodrigues,83604168663
59,Leonardo Soares,10247614308
60,Lucas Carvalho,50618614378
61,Bruno Gomes,45854403014
62,Elisa Sales,98058343215
63,Leticia Santos,11771085784
64,Heitor Rezende,95630733767
65,Maria Teixeira,28667460601
66,Vinicius Barbosa Souza,51799737093
67,Enzo Freitas,32967735800
68,Leticia Machado,70163950192
69,Joao Barbosa,42804801092
70,Victor Correia,57225668656
71,Leonardo Teixeira Andrade,59713550886
72,Joana Rodrigues,69558994740
73,Isabela Santos,80648832693
74,Eduardo Lopes,69339077602
75,Vinicius Sales,94897264807
76,Manuela Soares Dias,88337053782
77,Marcos Silva,37273570100
78,Isadora Barbosa Nunes,50460292997
79,Rafael Monteiro Araujo,74916129380
80,Laura Teixeira Jesus,87224081818
81,Bruna Pinto,56733095817
82,Daniel Correia Rodrigues,96095692393
83,Ricardo Mendes,76056951271
84,Vanessa Andrade Barros,62667796806
85,Diana Melo Soares,20071066928
86,Sara Lima,15341565447
87,Clara Melo,46351436299
88,Vanessa Fernandes,47112866536
89,Eduardo Ribeiro,55725667220
90,Samuel Soares,74690794828
91,Eduarda Soares,70261229915
92,Enzo Nunes,96367227985
93,Ricardo Oliveira,98237386997
94,Fabiana Costa Nunes,17465239278
95,Diego Rodrigues,39078326595
96,Thiago Santos,14021133721
97,Marcelo Melo Cardoso,77885076371
98,Leticia Soares Fernandes,11852452102
99,Rodrigo Souza,27076400847
100,Joana Costa Castro,48598666639
